"term_id"	"term_name"	"adjusted_p_value"	"Intersection_size"	"Genes"	"stage"
"GO:0000902"	"cell morphogenesis"	0.000257355898126505	6	"ENSACLG00000022202,ENSACLG00000018790,ENSACLG00000013295,ENSACLG00000013961,ENSACLG00000012153,ENSACLG00000027041"	"3dpf"
"GO:0001501"	"skeletal system development"	0.000253961705103024	2	"ENSACLG00000020255,ENSACLG00000022210"	"3dpf"
"GO:0001525"	"angiogenesis"	0.0180949556656819	3	"ENSACLG00000020960,ENSACLG00000023399,ENSACLG00000013440"	"3dpf"
"GO:0001568"	"blood vessel development"	0.00190680114051913	4	"ENSACLG00000020960,ENSACLG00000023399,ENSACLG00000013440,ENSACLG00000013961"	"3dpf"
"GO:0001654"	"eye development"	0.0180168097530884	3	"ENSACLG00000003503,ENSACLG00000020717,ENSACLG00000013295"	"3dpf"
"GO:0001944"	"vasculature development"	0.000170934971618896	4	"ENSACLG00000020960,ENSACLG00000023399,ENSACLG00000013440,ENSACLG00000013961"	"3dpf"
"GO:0003013"	"circulatory system process"	0.0146819972985061	5	"ENSACLG00000002345,ENSACLG00000017825,ENSACLG00000001872,ENSACLG00000021519,ENSACLG00000008156"	"3dpf"
"GO:0006351"	"DNA-templated transcription"	4.08539683729203e-09	3	"ENSACLG00000022210,ENSACLG00000024963,ENSACLG00000015371"	"3dpf"
"GO:0006355"	"regulation of DNA-templated transcription"	1.03046952452478e-07	3	"ENSACLG00000022210,ENSACLG00000024963,ENSACLG00000015371"	"3dpf"
"GO:0006357"	"regulation of transcription by RNA polymerase II"	0.0128877477199104	1	"ENSACLG00000015371"	"3dpf"
"GO:0006366"	"transcription by RNA polymerase II"	0.0152347586050631	1	"ENSACLG00000015371"	"3dpf"
"GO:0006793"	"phosphorus metabolic process"	0.000612925350994148	1	"ENSACLG00000025753"	"3dpf"
"GO:0006796"	"phosphate-containing compound metabolic process"	0.000612925350994148	1	"ENSACLG00000025753"	"3dpf"
"GO:0006810"	"transport"	4.67069503888065e-11	10	"ENSACLG00000009697,ENSACLG00000008238,ENSACLG00000020960,ENSACLG00000017825,ENSACLG00000021317,ENSACLG00000005391,ENSACLG00000018100,ENSACLG00000013880,ENSACLG00000020738,ENSACLG00000025753"	"3dpf"
"GO:0006811"	"monoatomic ion transport"	1.97147038845369e-05	5	"ENSACLG00000008238,ENSACLG00000017825,ENSACLG00000018100,ENSACLG00000020738,ENSACLG00000025753"	"3dpf"
"GO:0006816"	"calcium ion transport"	0.0252615429685244	1	"ENSACLG00000017825"	"3dpf"
"GO:0006820"	"monoatomic anion transport"	0.0101051930043699	1	"ENSACLG00000018100"	"3dpf"
"GO:0006996"	"organelle organization"	0.000695658025555781	5	"ENSACLG00000002345,ENSACLG00000011036,ENSACLG00000017825,ENSACLG00000000624,ENSACLG00000026171"	"3dpf"
"GO:0007166"	"cell surface receptor signaling pathway"	0.000723805922376991	3	"ENSACLG00000009594,ENSACLG00000021317,ENSACLG00000011861"	"3dpf"
"GO:0007275"	"multicellular organism development"	4.84272727584108e-34	30	"ENSACLG00000020255,ENSACLG00000009594,ENSACLG00000008961,ENSACLG00000002345,ENSACLG00000003960,ENSACLG00000012029,ENSACLG00000003503,ENSACLG00000020717,ENSACLG00000020960,ENSACLG00000023399,ENSACLG00000022202,ENSACLG00000005391,ENSACLG00000018100,ENSACLG00000018790,ENSACLG00000022562,ENSACLG00000002267,ENSACLG00000013295,ENSACLG00000000385,ENSACLG00000013440,ENSACLG00000013880,ENSACLG00000020738,ENSACLG00000022210,ENSACLG00000024963,ENSACLG00000014846,ENSACLG00000013961,ENSACLG00000016270,ENSACLG00000012153,ENSACLG00000011861,ENSACLG00000027041,ENSACLG00000022006"	"3dpf"
"GO:0007399"	"nervous system development"	4.05282941680613e-12	20	"ENSACLG00000020255,ENSACLG00000008961,ENSACLG00000003960,ENSACLG00000012029,ENSACLG00000003503,ENSACLG00000020717,ENSACLG00000022202,ENSACLG00000005391,ENSACLG00000018100,ENSACLG00000018790,ENSACLG00000002267,ENSACLG00000013295,ENSACLG00000013880,ENSACLG00000020738,ENSACLG00000024963,ENSACLG00000014846,ENSACLG00000013961,ENSACLG00000016270,ENSACLG00000012153,ENSACLG00000027041"	"3dpf"
"GO:0007409"	"axonogenesis"	0.00160950536978789	5	"ENSACLG00000022202,ENSACLG00000018790,ENSACLG00000013961,ENSACLG00000012153,ENSACLG00000027041"	"3dpf"
"GO:0007417"	"central nervous system development"	0.00222151952505346	9	"ENSACLG00000020255,ENSACLG00000008961,ENSACLG00000012029,ENSACLG00000022202,ENSACLG00000013880,ENSACLG00000020738,ENSACLG00000024963,ENSACLG00000014846,ENSACLG00000012153"	"3dpf"
"GO:0007420"	"brain development"	0.0294169525240943	6	"ENSACLG00000020255,ENSACLG00000008961,ENSACLG00000012029,ENSACLG00000020738,ENSACLG00000014846,ENSACLG00000012153"	"3dpf"
"GO:0007423"	"sensory organ development"	0.000381696887801812	6	"ENSACLG00000003503,ENSACLG00000020717,ENSACLG00000005391,ENSACLG00000018100,ENSACLG00000013295,ENSACLG00000014846"	"3dpf"
"GO:0007507"	"heart development"	0.000269353591101764	5	"ENSACLG00000002345,ENSACLG00000022562,ENSACLG00000000385,ENSACLG00000024963,ENSACLG00000012153"	"3dpf"
"GO:0007517"	"muscle organ development"	0.0101051930043699	10	"ENSACLG00000009594,ENSACLG00000011036,ENSACLG00000017825,ENSACLG00000000589,ENSACLG00000000385,ENSACLG00000000624,ENSACLG00000026171,ENSACLG00000001872,ENSACLG00000013961,ENSACLG00000022006"	"3dpf"
"GO:0007610"	"behavior"	0.0106992587660996	56	"ENSACLG00000020178,ENSACLG00000020255,ENSACLG00000009594,ENSACLG00000012229,ENSACLG00000019877,ENSACLG00000008961,ENSACLG00000009697,ENSACLG00000002345,ENSACLG00000003960,ENSACLG00000012029,ENSACLG00000012432,ENSACLG00000003503,ENSACLG00000020717,ENSACLG00000020892,ENSACLG00000008238,ENSACLG00000020960,ENSACLG00000011036,ENSACLG00000017825,ENSACLG00000016160,ENSACLG00000023399,ENSACLG00000021317,ENSACLG00000000589,ENSACLG00000022202,ENSACLG00000005391,ENSACLG00000018100,ENSACLG00000018790,ENSACLG00000022562,ENSACLG00000002267,ENSACLG00000013295,ENSACLG00000000385,ENSACLG00000013440,ENSACLG00000013880,ENSACLG00000017438,ENSACLG00000026321,ENSACLG00000020738,ENSACLG00000000624,ENSACLG00000022210,ENSACLG00000024963,ENSACLG00000015505,ENSACLG00000025753,ENSACLG00000026171,ENSACLG00000014846,ENSACLG00000015371,ENSACLG00000001872,ENSACLG00000021519,ENSACLG00000013961,ENSACLG00000016270,ENSACLG00000012153,ENSACLG00000016249,ENSACLG00000020155,ENSACLG00000011861,ENSACLG00000027041,ENSACLG00000005750,ENSACLG00000022006,ENSACLG00000026638,ENSACLG00000008156"	"3dpf"
"GO:0008015"	"blood circulation"	0.0159191549762877	5	"ENSACLG00000002345,ENSACLG00000017825,ENSACLG00000001872,ENSACLG00000021519,ENSACLG00000008156"	"3dpf"
"GO:0009056"	"catabolic process"	0.0414286028915687	9	"ENSACLG00000019877,ENSACLG00000002345,ENSACLG00000018790,ENSACLG00000025753,ENSACLG00000014846,ENSACLG00000015371,ENSACLG00000016270,ENSACLG00000020155,ENSACLG00000027041"	"3dpf"
"GO:0009628"	"response to abiotic stimulus"	0.00666287388396047	7	"ENSACLG00000016160,ENSACLG00000023399,ENSACLG00000005391,ENSACLG00000013295,ENSACLG00000015505,ENSACLG00000016249,ENSACLG00000008156"	"3dpf"
"GO:0009653"	"anatomical structure morphogenesis"	1.07526165986652e-23	22	"ENSACLG00000020255,ENSACLG00000009594,ENSACLG00000008961,ENSACLG00000002345,ENSACLG00000003503,ENSACLG00000020717,ENSACLG00000020960,ENSACLG00000011036,ENSACLG00000017825,ENSACLG00000023399,ENSACLG00000022202,ENSACLG00000018100,ENSACLG00000018790,ENSACLG00000013295,ENSACLG00000000385,ENSACLG00000013440,ENSACLG00000024963,ENSACLG00000026171,ENSACLG00000013961,ENSACLG00000012153,ENSACLG00000011861,ENSACLG00000027041"	"3dpf"
"GO:0009790"	"embryo development"	1.17680919842894e-12	6	"ENSACLG00000020255,ENSACLG00000002345,ENSACLG00000018100,ENSACLG00000022562,ENSACLG00000024963,ENSACLG00000022006"	"3dpf"
"GO:0009792"	"embryo development ending in birth or egg hatching"	0.00011326813350966	4	"ENSACLG00000020255,ENSACLG00000002345,ENSACLG00000024963,ENSACLG00000022006"	"3dpf"
"GO:0009887"	"animal organ morphogenesis"	1.03046952452478e-07	7	"ENSACLG00000020255,ENSACLG00000008961,ENSACLG00000003503,ENSACLG00000020717,ENSACLG00000018100,ENSACLG00000013295,ENSACLG00000000385"	"3dpf"
"GO:0009888"	"tissue development"	2.37409340446389e-15	18	"ENSACLG00000020255,ENSACLG00000002345,ENSACLG00000003503,ENSACLG00000011036,ENSACLG00000017825,ENSACLG00000000589,ENSACLG00000005391,ENSACLG00000018100,ENSACLG00000022562,ENSACLG00000013295,ENSACLG00000000385,ENSACLG00000000624,ENSACLG00000024963,ENSACLG00000026171,ENSACLG00000014846,ENSACLG00000001872,ENSACLG00000013961,ENSACLG00000022006"	"3dpf"
"GO:0009966"	"regulation of signal transduction"	4.24450388227438e-05	2	"ENSACLG00000008961,ENSACLG00000022562"	"3dpf"
"GO:0009987"	"cellular process"	0.0298254743592824	47	"ENSACLG00000020255,ENSACLG00000009594,ENSACLG00000012229,ENSACLG00000019877,ENSACLG00000008961,ENSACLG00000009697,ENSACLG00000002345,ENSACLG00000003960,ENSACLG00000012029,ENSACLG00000003503,ENSACLG00000020717,ENSACLG00000008238,ENSACLG00000020960,ENSACLG00000011036,ENSACLG00000017825,ENSACLG00000016160,ENSACLG00000023399,ENSACLG00000021317,ENSACLG00000000589,ENSACLG00000022202,ENSACLG00000005391,ENSACLG00000018100,ENSACLG00000018790,ENSACLG00000022562,ENSACLG00000002267,ENSACLG00000013295,ENSACLG00000000385,ENSACLG00000013440,ENSACLG00000013880,ENSACLG00000020738,ENSACLG00000000624,ENSACLG00000022210,ENSACLG00000024963,ENSACLG00000025753,ENSACLG00000026171,ENSACLG00000014846,ENSACLG00000015371,ENSACLG00000001872,ENSACLG00000013961,ENSACLG00000016270,ENSACLG00000012153,ENSACLG00000020155,ENSACLG00000011861,ENSACLG00000027041,ENSACLG00000022006,ENSACLG00000026638,ENSACLG00000008156"	"3dpf"
"GO:0010646"	"regulation of cell communication"	1.73243467486703e-05	3	"ENSACLG00000008961,ENSACLG00000021317,ENSACLG00000022562"	"3dpf"
"GO:0014706"	"striated muscle tissue development"	0.0373634444401632	10	"ENSACLG00000002345,ENSACLG00000011036,ENSACLG00000017825,ENSACLG00000000589,ENSACLG00000000385,ENSACLG00000000624,ENSACLG00000026171,ENSACLG00000001872,ENSACLG00000013961,ENSACLG00000022006"	"3dpf"
"GO:0015698"	"inorganic anion transport"	0.00933972591862962	1	"ENSACLG00000018100"	"3dpf"
"GO:0016192"	"vesicle-mediated transport"	0.00034817043443624	1	"ENSACLG00000005391"	"3dpf"
"GO:0019219"	"regulation of nucleobase-containing compound metabolic process"	4.82717699224322e-09	4	"ENSACLG00000022210,ENSACLG00000024963,ENSACLG00000025753,ENSACLG00000015371"	"3dpf"
"GO:0019222"	"regulation of metabolic process"	0.0227249117575004	14	"ENSACLG00000019877,ENSACLG00000002345,ENSACLG00000023399,ENSACLG00000018790,ENSACLG00000013440,ENSACLG00000022210,ENSACLG00000024963,ENSACLG00000025753,ENSACLG00000014846,ENSACLG00000015371,ENSACLG00000001872,ENSACLG00000013961,ENSACLG00000027041,ENSACLG00000026638"	"3dpf"
"GO:0022008"	"neurogenesis"	1.28598278850883e-08	14	"ENSACLG00000020255,ENSACLG00000003960,ENSACLG00000020717,ENSACLG00000022202,ENSACLG00000005391,ENSACLG00000018100,ENSACLG00000018790,ENSACLG00000002267,ENSACLG00000013295,ENSACLG00000013880,ENSACLG00000013961,ENSACLG00000016270,ENSACLG00000012153,ENSACLG00000027041"	"3dpf"
"GO:0022603"	"regulation of anatomical structure morphogenesis"	0.0427311199574154	1	"ENSACLG00000023399"	"3dpf"
"GO:0023051"	"regulation of signaling"	4.69874009977798e-05	3	"ENSACLG00000008961,ENSACLG00000021317,ENSACLG00000022562"	"3dpf"
"GO:0030001"	"metal ion transport"	0.0107092075195229	4	"ENSACLG00000008238,ENSACLG00000017825,ENSACLG00000020738,ENSACLG00000025753"	"3dpf"
"GO:0030030"	"cell projection organization"	2.98824899924537e-06	7	"ENSACLG00000020255,ENSACLG00000022202,ENSACLG00000018790,ENSACLG00000013295,ENSACLG00000013961,ENSACLG00000012153,ENSACLG00000027041"	"3dpf"
"GO:0030097"	"hemopoiesis"	0.000202692265914373	1	"ENSACLG00000013440"	"3dpf"
"GO:0030154"	"cell differentiation"	3.5838945820995e-20	23	"ENSACLG00000020255,ENSACLG00000002345,ENSACLG00000003960,ENSACLG00000020717,ENSACLG00000011036,ENSACLG00000017825,ENSACLG00000022202,ENSACLG00000005391,ENSACLG00000018100,ENSACLG00000018790,ENSACLG00000002267,ENSACLG00000013295,ENSACLG00000000385,ENSACLG00000013440,ENSACLG00000013880,ENSACLG00000026171,ENSACLG00000015371,ENSACLG00000001872,ENSACLG00000013961,ENSACLG00000016270,ENSACLG00000012153,ENSACLG00000027041,ENSACLG00000022006"	"3dpf"
"GO:0030182"	"neuron differentiation"	2.84242563308999e-07	12	"ENSACLG00000020255,ENSACLG00000003960,ENSACLG00000022202,ENSACLG00000005391,ENSACLG00000018100,ENSACLG00000018790,ENSACLG00000002267,ENSACLG00000013295,ENSACLG00000013961,ENSACLG00000016270,ENSACLG00000012153,ENSACLG00000027041"	"3dpf"
"GO:0031175"	"neuron projection development"	0.000160980547212392	7	"ENSACLG00000020255,ENSACLG00000022202,ENSACLG00000018790,ENSACLG00000013295,ENSACLG00000013961,ENSACLG00000012153,ENSACLG00000027041"	"3dpf"
"GO:0032501"	"multicellular organismal process"	2.31172144782699e-24	56	"ENSACLG00000020178,ENSACLG00000020255,ENSACLG00000009594,ENSACLG00000012229,ENSACLG00000019877,ENSACLG00000008961,ENSACLG00000009697,ENSACLG00000002345,ENSACLG00000003960,ENSACLG00000012029,ENSACLG00000012432,ENSACLG00000003503,ENSACLG00000020717,ENSACLG00000020892,ENSACLG00000008238,ENSACLG00000020960,ENSACLG00000011036,ENSACLG00000017825,ENSACLG00000016160,ENSACLG00000023399,ENSACLG00000021317,ENSACLG00000000589,ENSACLG00000022202,ENSACLG00000005391,ENSACLG00000018100,ENSACLG00000018790,ENSACLG00000022562,ENSACLG00000002267,ENSACLG00000013295,ENSACLG00000000385,ENSACLG00000013440,ENSACLG00000013880,ENSACLG00000017438,ENSACLG00000026321,ENSACLG00000020738,ENSACLG00000000624,ENSACLG00000022210,ENSACLG00000024963,ENSACLG00000015505,ENSACLG00000025753,ENSACLG00000026171,ENSACLG00000014846,ENSACLG00000015371,ENSACLG00000001872,ENSACLG00000021519,ENSACLG00000013961,ENSACLG00000016270,ENSACLG00000012153,ENSACLG00000016249,ENSACLG00000020155,ENSACLG00000011861,ENSACLG00000027041,ENSACLG00000005750,ENSACLG00000022006,ENSACLG00000026638,ENSACLG00000008156"	"3dpf"
"GO:0032502"	"developmental process"	1.76973575200551e-42	37	"ENSACLG00000020255,ENSACLG00000009594,ENSACLG00000008961,ENSACLG00000002345,ENSACLG00000003960,ENSACLG00000012029,ENSACLG00000003503,ENSACLG00000020717,ENSACLG00000020960,ENSACLG00000011036,ENSACLG00000017825,ENSACLG00000023399,ENSACLG00000000589,ENSACLG00000022202,ENSACLG00000005391,ENSACLG00000018100,ENSACLG00000018790,ENSACLG00000022562,ENSACLG00000002267,ENSACLG00000013295,ENSACLG00000000385,ENSACLG00000013440,ENSACLG00000013880,ENSACLG00000020738,ENSACLG00000000624,ENSACLG00000022210,ENSACLG00000024963,ENSACLG00000026171,ENSACLG00000014846,ENSACLG00000015371,ENSACLG00000001872,ENSACLG00000013961,ENSACLG00000016270,ENSACLG00000012153,ENSACLG00000011861,ENSACLG00000027041,ENSACLG00000022006"	"3dpf"
"GO:0034220"	"monoatomic ion transmembrane transport"	1.06886352355676e-05	5	"ENSACLG00000008238,ENSACLG00000017825,ENSACLG00000018100,ENSACLG00000020738,ENSACLG00000025753"	"3dpf"
"GO:0035239"	"tube morphogenesis"	2.22341970099726e-05	4	"ENSACLG00000020960,ENSACLG00000023399,ENSACLG00000013440,ENSACLG00000013961"	"3dpf"
"GO:0035295"	"tube development"	4.18013463294873e-07	6	"ENSACLG00000020960,ENSACLG00000023399,ENSACLG00000013440,ENSACLG00000024963,ENSACLG00000014846,ENSACLG00000013961"	"3dpf"
"GO:0035556"	"intracellular signal transduction"	7.9087668723768e-05	4	"ENSACLG00000008961,ENSACLG00000017825,ENSACLG00000022562,ENSACLG00000013295"	"3dpf"
"GO:0040007"	"growth"	0.00869066991739679	2	"ENSACLG00000013961,ENSACLG00000027041"	"3dpf"
"GO:0042592"	"homeostatic process"	0.000290760102535635	5	"ENSACLG00000009594,ENSACLG00000019877,ENSACLG00000013295,ENSACLG00000016270,ENSACLG00000027041"	"3dpf"
"GO:0042692"	"muscle cell differentiation"	0.00665908068923077	6	"ENSACLG00000002345,ENSACLG00000011036,ENSACLG00000017825,ENSACLG00000026171,ENSACLG00000001872,ENSACLG00000022006"	"3dpf"
"GO:0043009"	"chordate embryonic development"	0.000121790875228406	4	"ENSACLG00000020255,ENSACLG00000002345,ENSACLG00000024963,ENSACLG00000022006"	"3dpf"
"GO:0043010"	"camera-type eye development"	0.00373438030169549	3	"ENSACLG00000003503,ENSACLG00000020717,ENSACLG00000013295"	"3dpf"
"GO:0045595"	"regulation of cell differentiation"	0.0200651336760542	1	"ENSACLG00000020717"	"3dpf"
"GO:0046907"	"intracellular transport"	0.00558411002776737	1	"ENSACLG00000020960"	"3dpf"
"GO:0048468"	"cell development"	1.88345630759461e-14	19	"ENSACLG00000020255,ENSACLG00000002345,ENSACLG00000003960,ENSACLG00000020717,ENSACLG00000011036,ENSACLG00000017825,ENSACLG00000022202,ENSACLG00000005391,ENSACLG00000018100,ENSACLG00000018790,ENSACLG00000013295,ENSACLG00000013440,ENSACLG00000013880,ENSACLG00000026171,ENSACLG00000001872,ENSACLG00000013961,ENSACLG00000012153,ENSACLG00000027041,ENSACLG00000022006"	"3dpf"
"GO:0048513"	"animal organ development"	7.50252193958377e-20	26	"ENSACLG00000020255,ENSACLG00000009594,ENSACLG00000008961,ENSACLG00000002345,ENSACLG00000012029,ENSACLG00000003503,ENSACLG00000020717,ENSACLG00000011036,ENSACLG00000017825,ENSACLG00000000589,ENSACLG00000005391,ENSACLG00000018100,ENSACLG00000022562,ENSACLG00000013295,ENSACLG00000000385,ENSACLG00000013880,ENSACLG00000020738,ENSACLG00000000624,ENSACLG00000022210,ENSACLG00000024963,ENSACLG00000026171,ENSACLG00000014846,ENSACLG00000001872,ENSACLG00000013961,ENSACLG00000012153,ENSACLG00000022006"	"3dpf"
"GO:0048514"	"blood vessel morphogenesis"	0.00182191784455308	4	"ENSACLG00000020960,ENSACLG00000023399,ENSACLG00000013440,ENSACLG00000013961"	"3dpf"
"GO:0048518"	"positive regulation of biological process"	0.0158368224708342	3	"ENSACLG00000020717,ENSACLG00000023399,ENSACLG00000013880"	"3dpf"
"GO:0048522"	"positive regulation of cellular process"	2.14770020287954e-06	2	"ENSACLG00000020717,ENSACLG00000013880"	"3dpf"
"GO:0048562"	"embryonic organ morphogenesis"	0.000203193637863095	2	"ENSACLG00000020255,ENSACLG00000018100"	"3dpf"
"GO:0048568"	"embryonic organ development"	5.04751358633517e-06	2	"ENSACLG00000020255,ENSACLG00000018100"	"3dpf"
"GO:0048583"	"regulation of response to stimulus"	0.00554943384916432	3	"ENSACLG00000008961,ENSACLG00000022562,ENSACLG00000012153"	"3dpf"
"GO:0048589"	"developmental growth"	0.0127873360223911	2	"ENSACLG00000013961,ENSACLG00000027041"	"3dpf"
"GO:0048592"	"eye morphogenesis"	0.0427311199574154	3	"ENSACLG00000003503,ENSACLG00000020717,ENSACLG00000013295"	"3dpf"
"GO:0048593"	"camera-type eye morphogenesis"	0.00554943384916432	3	"ENSACLG00000003503,ENSACLG00000020717,ENSACLG00000013295"	"3dpf"
"GO:0048598"	"embryonic morphogenesis"	4.53943853749779e-09	3	"ENSACLG00000020255,ENSACLG00000018100,ENSACLG00000024963"	"3dpf"
"GO:0048646"	"anatomical structure formation involved in morphogenesis"	1.60744926552315e-09	12	"ENSACLG00000002345,ENSACLG00000003503,ENSACLG00000020717,ENSACLG00000020960,ENSACLG00000011036,ENSACLG00000017825,ENSACLG00000023399,ENSACLG00000013295,ENSACLG00000013440,ENSACLG00000024963,ENSACLG00000026171,ENSACLG00000012153"	"3dpf"
"GO:0048666"	"neuron development"	2.9347750034872e-06	10	"ENSACLG00000020255,ENSACLG00000003960,ENSACLG00000022202,ENSACLG00000005391,ENSACLG00000018100,ENSACLG00000018790,ENSACLG00000013295,ENSACLG00000013961,ENSACLG00000012153,ENSACLG00000027041"	"3dpf"
"GO:0048667"	"cell morphogenesis involved in neuron differentiation"	0.000800351657843077	5	"ENSACLG00000022202,ENSACLG00000018790,ENSACLG00000013961,ENSACLG00000012153,ENSACLG00000027041"	"3dpf"
"GO:0048699"	"generation of neurons"	1.33787202521432e-07	12	"ENSACLG00000020255,ENSACLG00000003960,ENSACLG00000022202,ENSACLG00000005391,ENSACLG00000018100,ENSACLG00000018790,ENSACLG00000002267,ENSACLG00000013295,ENSACLG00000013961,ENSACLG00000016270,ENSACLG00000012153,ENSACLG00000027041"	"3dpf"
"GO:0048705"	"skeletal system morphogenesis"	0.0257935271490944	1	"ENSACLG00000020255"	"3dpf"
"GO:0048706"	"embryonic skeletal system development"	0.0427311199574154	1	"ENSACLG00000020255"	"3dpf"
"GO:0048729"	"tissue morphogenesis"	1.42554498317195e-05	1	"ENSACLG00000024963"	"3dpf"
"GO:0048731"	"system development"	2.04438043850335e-27	29	"ENSACLG00000020255,ENSACLG00000009594,ENSACLG00000008961,ENSACLG00000002345,ENSACLG00000003960,ENSACLG00000012029,ENSACLG00000003503,ENSACLG00000020717,ENSACLG00000020960,ENSACLG00000023399,ENSACLG00000022202,ENSACLG00000005391,ENSACLG00000018100,ENSACLG00000018790,ENSACLG00000022562,ENSACLG00000002267,ENSACLG00000013295,ENSACLG00000000385,ENSACLG00000013440,ENSACLG00000013880,ENSACLG00000020738,ENSACLG00000022210,ENSACLG00000024963,ENSACLG00000014846,ENSACLG00000013961,ENSACLG00000016270,ENSACLG00000012153,ENSACLG00000011861,ENSACLG00000027041"	"3dpf"
"GO:0048732"	"gland development"	0.0175327852283414	2	"ENSACLG00000009594,ENSACLG00000013880"	"3dpf"
"GO:0048812"	"neuron projection morphogenesis"	0.00113408900426232	6	"ENSACLG00000022202,ENSACLG00000018790,ENSACLG00000013295,ENSACLG00000013961,ENSACLG00000012153,ENSACLG00000027041"	"3dpf"
"GO:0048856"	"anatomical structure development"	8.37870895727558e-41	36	"ENSACLG00000020255,ENSACLG00000009594,ENSACLG00000008961,ENSACLG00000002345,ENSACLG00000003960,ENSACLG00000012029,ENSACLG00000003503,ENSACLG00000020717,ENSACLG00000020960,ENSACLG00000011036,ENSACLG00000017825,ENSACLG00000023399,ENSACLG00000000589,ENSACLG00000022202,ENSACLG00000005391,ENSACLG00000018100,ENSACLG00000018790,ENSACLG00000022562,ENSACLG00000002267,ENSACLG00000013295,ENSACLG00000000385,ENSACLG00000013440,ENSACLG00000013880,ENSACLG00000020738,ENSACLG00000000624,ENSACLG00000022210,ENSACLG00000024963,ENSACLG00000026171,ENSACLG00000014846,ENSACLG00000001872,ENSACLG00000013961,ENSACLG00000016270,ENSACLG00000012153,ENSACLG00000011861,ENSACLG00000027041,ENSACLG00000022006"	"3dpf"
"GO:0048858"	"cell projection morphogenesis"	0.00105296413465746	6	"ENSACLG00000022202,ENSACLG00000018790,ENSACLG00000013295,ENSACLG00000013961,ENSACLG00000012153,ENSACLG00000027041"	"3dpf"
"GO:0048869"	"cellular developmental process"	3.5838945820995e-20	23	"ENSACLG00000020255,ENSACLG00000002345,ENSACLG00000003960,ENSACLG00000020717,ENSACLG00000011036,ENSACLG00000017825,ENSACLG00000022202,ENSACLG00000005391,ENSACLG00000018100,ENSACLG00000018790,ENSACLG00000002267,ENSACLG00000013295,ENSACLG00000000385,ENSACLG00000013440,ENSACLG00000013880,ENSACLG00000026171,ENSACLG00000015371,ENSACLG00000001872,ENSACLG00000013961,ENSACLG00000016270,ENSACLG00000012153,ENSACLG00000027041,ENSACLG00000022006"	"3dpf"
"GO:0048871"	"multicellular organismal-level homeostasis"	0.00158298927079139	1	"ENSACLG00000016270"	"3dpf"
"GO:0048880"	"sensory system development"	0.000723805922376991	5	"ENSACLG00000003503,ENSACLG00000020717,ENSACLG00000005391,ENSACLG00000018100,ENSACLG00000013295"	"3dpf"
"GO:0050789"	"regulation of biological process"	0.00225866136866388	32	"ENSACLG00000020255,ENSACLG00000009594,ENSACLG00000019877,ENSACLG00000008961,ENSACLG00000009697,ENSACLG00000002345,ENSACLG00000020717,ENSACLG00000011036,ENSACLG00000017825,ENSACLG00000016160,ENSACLG00000023399,ENSACLG00000021317,ENSACLG00000005391,ENSACLG00000018790,ENSACLG00000022562,ENSACLG00000013295,ENSACLG00000013440,ENSACLG00000013880,ENSACLG00000022210,ENSACLG00000024963,ENSACLG00000025753,ENSACLG00000026171,ENSACLG00000014846,ENSACLG00000015371,ENSACLG00000001872,ENSACLG00000021519,ENSACLG00000013961,ENSACLG00000012153,ENSACLG00000011861,ENSACLG00000027041,ENSACLG00000026638,ENSACLG00000008156"	"3dpf"
"GO:0050793"	"regulation of developmental process"	6.76456436269345e-07	3	"ENSACLG00000020717,ENSACLG00000023399,ENSACLG00000013880"	"3dpf"
"GO:0050794"	"regulation of cellular process"	0.00845009172196015	30	"ENSACLG00000020255,ENSACLG00000009594,ENSACLG00000019877,ENSACLG00000008961,ENSACLG00000002345,ENSACLG00000020717,ENSACLG00000011036,ENSACLG00000017825,ENSACLG00000016160,ENSACLG00000023399,ENSACLG00000021317,ENSACLG00000005391,ENSACLG00000018790,ENSACLG00000022562,ENSACLG00000013295,ENSACLG00000013440,ENSACLG00000013880,ENSACLG00000022210,ENSACLG00000024963,ENSACLG00000025753,ENSACLG00000026171,ENSACLG00000014846,ENSACLG00000015371,ENSACLG00000001872,ENSACLG00000013961,ENSACLG00000012153,ENSACLG00000011861,ENSACLG00000027041,ENSACLG00000026638,ENSACLG00000008156"	"3dpf"
"GO:0051146"	"striated muscle cell differentiation"	0.0242564314795286	6	"ENSACLG00000002345,ENSACLG00000011036,ENSACLG00000017825,ENSACLG00000026171,ENSACLG00000001872,ENSACLG00000022006"	"3dpf"
"GO:0051179"	"localization"	3.15680466461024e-10	10	"ENSACLG00000009697,ENSACLG00000008238,ENSACLG00000020960,ENSACLG00000017825,ENSACLG00000021317,ENSACLG00000005391,ENSACLG00000018100,ENSACLG00000013880,ENSACLG00000020738,ENSACLG00000025753"	"3dpf"
"GO:0051216"	"cartilage development"	0.0242564314795286	1	"ENSACLG00000020255"	"3dpf"
"GO:0051234"	"establishment of localization"	1.38006590880254e-10	10	"ENSACLG00000009697,ENSACLG00000008238,ENSACLG00000020960,ENSACLG00000017825,ENSACLG00000021317,ENSACLG00000005391,ENSACLG00000018100,ENSACLG00000013880,ENSACLG00000020738,ENSACLG00000025753"	"3dpf"
"GO:0051239"	"regulation of multicellular organismal process"	0.00011326813350966	9	"ENSACLG00000019877,ENSACLG00000020717,ENSACLG00000017825,ENSACLG00000016160,ENSACLG00000023399,ENSACLG00000013880,ENSACLG00000025753,ENSACLG00000015371,ENSACLG00000021519"	"3dpf"
"GO:0051252"	"regulation of RNA metabolic process"	8.49118974047455e-09	3	"ENSACLG00000022210,ENSACLG00000024963,ENSACLG00000015371"	"3dpf"
"GO:0051641"	"cellular localization"	0.000799749073629162	3	"ENSACLG00000020960,ENSACLG00000017825,ENSACLG00000005391"	"3dpf"
"GO:0051649"	"establishment of localization in cell"	0.00153242064793505	2	"ENSACLG00000020960,ENSACLG00000005391"	"3dpf"
"GO:0055001"	"muscle cell development"	0.0183041544115326	6	"ENSACLG00000002345,ENSACLG00000011036,ENSACLG00000017825,ENSACLG00000026171,ENSACLG00000001872,ENSACLG00000022006"	"3dpf"
"GO:0055002"	"striated muscle cell development"	0.0460754323100049	6	"ENSACLG00000002345,ENSACLG00000011036,ENSACLG00000017825,ENSACLG00000026171,ENSACLG00000001872,ENSACLG00000022006"	"3dpf"
"GO:0055085"	"transmembrane transport"	1.72547540250568e-05	8	"ENSACLG00000009697,ENSACLG00000008238,ENSACLG00000017825,ENSACLG00000021317,ENSACLG00000018100,ENSACLG00000013880,ENSACLG00000020738,ENSACLG00000025753"	"3dpf"
"GO:0060041"	"retina development in camera-type eye"	0.000898348530400484	3	"ENSACLG00000003503,ENSACLG00000020717,ENSACLG00000013295"	"3dpf"
"GO:0060322"	"head development"	0.0202660715422727	6	"ENSACLG00000020255,ENSACLG00000008961,ENSACLG00000012029,ENSACLG00000020738,ENSACLG00000014846,ENSACLG00000012153"	"3dpf"
"GO:0060429"	"epithelium development"	1.03046952452478e-07	6	"ENSACLG00000005391,ENSACLG00000018100,ENSACLG00000022562,ENSACLG00000013295,ENSACLG00000024963,ENSACLG00000014846"	"3dpf"
"GO:0060537"	"muscle tissue development"	0.0343935359301362	10	"ENSACLG00000002345,ENSACLG00000011036,ENSACLG00000017825,ENSACLG00000000589,ENSACLG00000000385,ENSACLG00000000624,ENSACLG00000026171,ENSACLG00000001872,ENSACLG00000013961,ENSACLG00000022006"	"3dpf"
"GO:0061008"	"hepaticobiliary system development"	0.0460754323100049	1	"ENSACLG00000009594"	"3dpf"
"GO:0061061"	"muscle structure development"	0.00011326813350966	11	"ENSACLG00000009594,ENSACLG00000002345,ENSACLG00000011036,ENSACLG00000017825,ENSACLG00000000589,ENSACLG00000000385,ENSACLG00000000624,ENSACLG00000026171,ENSACLG00000001872,ENSACLG00000013961,ENSACLG00000022006"	"3dpf"
"GO:0061448"	"connective tissue development"	0.0175327852283414	1	"ENSACLG00000020255"	"3dpf"
"GO:0061564"	"axon development"	0.000800351657843077	5	"ENSACLG00000022202,ENSACLG00000018790,ENSACLG00000013961,ENSACLG00000012153,ENSACLG00000027041"	"3dpf"
"GO:0065007"	"biological regulation"	0.000395806949445118	33	"ENSACLG00000020255,ENSACLG00000009594,ENSACLG00000019877,ENSACLG00000008961,ENSACLG00000009697,ENSACLG00000002345,ENSACLG00000020717,ENSACLG00000020892,ENSACLG00000011036,ENSACLG00000017825,ENSACLG00000016160,ENSACLG00000023399,ENSACLG00000021317,ENSACLG00000005391,ENSACLG00000018790,ENSACLG00000022562,ENSACLG00000013295,ENSACLG00000013440,ENSACLG00000013880,ENSACLG00000022210,ENSACLG00000024963,ENSACLG00000025753,ENSACLG00000026171,ENSACLG00000014846,ENSACLG00000015371,ENSACLG00000001872,ENSACLG00000021519,ENSACLG00000013961,ENSACLG00000012153,ENSACLG00000011861,ENSACLG00000027041,ENSACLG00000026638,ENSACLG00000008156"	"3dpf"
"GO:0065008"	"regulation of biological quality"	0.00143608374608581	6	"ENSACLG00000020255,ENSACLG00000009697,ENSACLG00000017825,ENSACLG00000021317,ENSACLG00000025753,ENSACLG00000012153"	"3dpf"
"GO:0070925"	"organelle assembly"	0.000505322868705998	4	"ENSACLG00000002345,ENSACLG00000011036,ENSACLG00000017825,ENSACLG00000026171"	"3dpf"
"GO:0071705"	"nitrogen compound transport"	0.00974394615980151	1	"ENSACLG00000021317"	"3dpf"
"GO:0072359"	"circulatory system development"	7.05774004760147e-09	9	"ENSACLG00000002345,ENSACLG00000020960,ENSACLG00000023399,ENSACLG00000022562,ENSACLG00000000385,ENSACLG00000013440,ENSACLG00000024963,ENSACLG00000013961,ENSACLG00000012153"	"3dpf"
"GO:0080090"	"regulation of primary metabolic process"	8.49118974047455e-09	9	"ENSACLG00000002345,ENSACLG00000013440,ENSACLG00000022210,ENSACLG00000024963,ENSACLG00000025753,ENSACLG00000014846,ENSACLG00000015371,ENSACLG00000013961,ENSACLG00000026638"	"3dpf"
"GO:0090596"	"sensory organ morphogenesis"	0.00524471402370636	4	"ENSACLG00000003503,ENSACLG00000020717,ENSACLG00000018100,ENSACLG00000013295"	"3dpf"
"GO:0098655"	"monoatomic cation transmembrane transport"	0.0389529101248578	4	"ENSACLG00000008238,ENSACLG00000017825,ENSACLG00000020738,ENSACLG00000025753"	"3dpf"
"GO:0098656"	"monoatomic anion transmembrane transport"	0.0121763696343959	1	"ENSACLG00000018100"	"3dpf"
"GO:0098660"	"inorganic ion transmembrane transport"	0.00672463595806336	5	"ENSACLG00000008238,ENSACLG00000017825,ENSACLG00000018100,ENSACLG00000020738,ENSACLG00000025753"	"3dpf"
"GO:0098661"	"inorganic anion transmembrane transport"	0.0427311199574154	1	"ENSACLG00000018100"	"3dpf"
"GO:0120036"	"plasma membrane bounded cell projection organization"	3.34748547489927e-07	7	"ENSACLG00000020255,ENSACLG00000022202,ENSACLG00000018790,ENSACLG00000013295,ENSACLG00000013961,ENSACLG00000012153,ENSACLG00000027041"	"3dpf"
"GO:0120039"	"plasma membrane bounded cell projection morphogenesis"	0.00113408900426232	6	"ENSACLG00000022202,ENSACLG00000018790,ENSACLG00000013295,ENSACLG00000013961,ENSACLG00000012153,ENSACLG00000027041"	"3dpf"
"GO:0141124"	"intracellular signaling cassette"	0.00255238111698219	3	"ENSACLG00000008961,ENSACLG00000017825,ENSACLG00000022562"	"3dpf"
"GO:0150063"	"visual system development"	0.0180168097530884	3	"ENSACLG00000003503,ENSACLG00000020717,ENSACLG00000013295"	"3dpf"
"GO:1902531"	"regulation of intracellular signal transduction"	0.027825977234154	2	"ENSACLG00000008961,ENSACLG00000022562"	"3dpf"
"GO:1904888"	"cranial skeletal system development"	0.00855530413529409	1	"ENSACLG00000020255"	"3dpf"
"GO:2000026"	"regulation of multicellular organismal development"	0.00528084270383682	3	"ENSACLG00000020717,ENSACLG00000023399,ENSACLG00000013880"	"3dpf"
"GO:2001141"	"regulation of RNA biosynthetic process"	1.03046952452478e-07	3	"ENSACLG00000022210,ENSACLG00000024963,ENSACLG00000015371"	"3dpf"
"GO:0000902"	"cell morphogenesis"	5.7239038986723e-07	6	"ENSACLG00000022202,ENSACLG00000018790,ENSACLG00000013295,ENSACLG00000013961,ENSACLG00000012153,ENSACLG00000027041"	"7dpf"
"GO:0001501"	"skeletal system development"	5.87749883526435e-06	2	"ENSACLG00000020255,ENSACLG00000022210"	"7dpf"
"GO:0001525"	"angiogenesis"	0.00231915143120045	3	"ENSACLG00000020960,ENSACLG00000023399,ENSACLG00000013440"	"7dpf"
"GO:0001568"	"blood vessel development"	3.53164065843695e-05	4	"ENSACLG00000020960,ENSACLG00000023399,ENSACLG00000013440,ENSACLG00000013961"	"7dpf"
"GO:0001654"	"eye development"	2.73632709997815e-06	3	"ENSACLG00000020717,ENSACLG00000003503,ENSACLG00000013295"	"7dpf"
"GO:0001889"	"liver development"	0.00239735244840927	1	"ENSACLG00000009594"	"7dpf"
"GO:0001894"	"tissue homeostasis"	0.0432610983397182	1	"ENSACLG00000016270"	"7dpf"
"GO:0001944"	"vasculature development"	7.50698289051246e-07	4	"ENSACLG00000020960,ENSACLG00000023399,ENSACLG00000013440,ENSACLG00000013961"	"7dpf"
"GO:0002244"	"hematopoietic progenitor cell differentiation"	0.0255560750643444	1	"ENSACLG00000013440"	"7dpf"
"GO:0003007"	"heart morphogenesis"	0.00225353472755732	1	"ENSACLG00000000385"	"7dpf"
"GO:0003013"	"circulatory system process"	0.0491336312451353	5	"ENSACLG00000002345,ENSACLG00000017825,ENSACLG00000001872,ENSACLG00000021519,ENSACLG00000008156"	"7dpf"
"GO:0003015"	"heart process"	0.0147320612619972	5	"ENSACLG00000002345,ENSACLG00000017825,ENSACLG00000001872,ENSACLG00000021519,ENSACLG00000008156"	"7dpf"
"GO:0003407"	"neural retina development"	0.0169743377234831	3	"ENSACLG00000020717,ENSACLG00000003503,ENSACLG00000013295"	"7dpf"
"GO:0006163"	"purine nucleotide metabolic process"	0.00255399323839651	1	"ENSACLG00000025753"	"7dpf"
"GO:0006195"	"purine nucleotide catabolic process"	0.0486962135386954	1	"ENSACLG00000025753"	"7dpf"
"GO:0006351"	"DNA-templated transcription"	6.81368221058792e-14	3	"ENSACLG00000022210,ENSACLG00000024963,ENSACLG00000015371"	"7dpf"
"GO:0006355"	"regulation of DNA-templated transcription"	1.78624750748561e-11	3	"ENSACLG00000022210,ENSACLG00000024963,ENSACLG00000015371"	"7dpf"
"GO:0006357"	"regulation of transcription by RNA polymerase II"	0.000415886207090343	1	"ENSACLG00000015371"	"7dpf"
"GO:0006366"	"transcription by RNA polymerase II"	0.000229669857738401	1	"ENSACLG00000015371"	"7dpf"
"GO:0006793"	"phosphorus metabolic process"	5.07751112576446e-10	1	"ENSACLG00000025753"	"7dpf"
"GO:0006796"	"phosphate-containing compound metabolic process"	5.07751112576446e-10	1	"ENSACLG00000025753"	"7dpf"
"GO:0006810"	"transport"	6.99464911102773e-19	10	"ENSACLG00000009697,ENSACLG00000008238,ENSACLG00000020960,ENSACLG00000017825,ENSACLG00000021317,ENSACLG00000005391,ENSACLG00000018100,ENSACLG00000013880,ENSACLG00000020738,ENSACLG00000025753"	"7dpf"
"GO:0006811"	"monoatomic ion transport"	1.45632660110387e-09	5	"ENSACLG00000008238,ENSACLG00000017825,ENSACLG00000018100,ENSACLG00000020738,ENSACLG00000025753"	"7dpf"
"GO:0006812"	"monoatomic cation transport"	0.000246138579922081	4	"ENSACLG00000008238,ENSACLG00000017825,ENSACLG00000020738,ENSACLG00000025753"	"7dpf"
"GO:0006813"	"potassium ion transport"	0.00864089837553693	2	"ENSACLG00000008238,ENSACLG00000020738"	"7dpf"
"GO:0006816"	"calcium ion transport"	0.000298864408961473	1	"ENSACLG00000017825"	"7dpf"
"GO:0006820"	"monoatomic anion transport"	0.00154007505727122	1	"ENSACLG00000018100"	"7dpf"
"GO:0006914"	"autophagy"	0.0403630091324983	6	"ENSACLG00000019877,ENSACLG00000002345,ENSACLG00000018790,ENSACLG00000015371,ENSACLG00000016270,ENSACLG00000027041"	"7dpf"
"GO:0006996"	"organelle organization"	2.25841729407773e-10	5	"ENSACLG00000002345,ENSACLG00000011036,ENSACLG00000017825,ENSACLG00000000624,ENSACLG00000026171"	"7dpf"
"GO:0007010"	"cytoskeleton organization"	0.00558455585647857	5	"ENSACLG00000002345,ENSACLG00000011036,ENSACLG00000017825,ENSACLG00000000624,ENSACLG00000026171"	"7dpf"
"GO:0007166"	"cell surface receptor signaling pathway"	0.000560801478918786	3	"ENSACLG00000009594,ENSACLG00000021317,ENSACLG00000011861"	"7dpf"
"GO:0007275"	"multicellular organism development"	5.2788047541944e-49	30	"ENSACLG00000020255,ENSACLG00000009594,ENSACLG00000008961,ENSACLG00000002345,ENSACLG00000003960,ENSACLG00000020717,ENSACLG00000012029,ENSACLG00000003503,ENSACLG00000020960,ENSACLG00000023399,ENSACLG00000022202,ENSACLG00000005391,ENSACLG00000018100,ENSACLG00000018790,ENSACLG00000022562,ENSACLG00000002267,ENSACLG00000013295,ENSACLG00000000385,ENSACLG00000013440,ENSACLG00000013880,ENSACLG00000020738,ENSACLG00000022210,ENSACLG00000024963,ENSACLG00000014846,ENSACLG00000013961,ENSACLG00000016270,ENSACLG00000012153,ENSACLG00000011861,ENSACLG00000027041,ENSACLG00000022006"	"7dpf"
"GO:0007399"	"nervous system development"	2.98907321297717e-22	20	"ENSACLG00000020255,ENSACLG00000008961,ENSACLG00000003960,ENSACLG00000020717,ENSACLG00000012029,ENSACLG00000003503,ENSACLG00000022202,ENSACLG00000005391,ENSACLG00000018100,ENSACLG00000018790,ENSACLG00000002267,ENSACLG00000013295,ENSACLG00000013880,ENSACLG00000020738,ENSACLG00000024963,ENSACLG00000014846,ENSACLG00000013961,ENSACLG00000016270,ENSACLG00000012153,ENSACLG00000027041"	"7dpf"
"GO:0007409"	"axonogenesis"	2.78008241709703e-06	5	"ENSACLG00000022202,ENSACLG00000018790,ENSACLG00000013961,ENSACLG00000012153,ENSACLG00000027041"	"7dpf"
"GO:0007411"	"axon guidance"	0.00225353472755732	1	"ENSACLG00000012153"	"7dpf"
"GO:0007417"	"central nervous system development"	3.13496545352917e-07	9	"ENSACLG00000020255,ENSACLG00000008961,ENSACLG00000012029,ENSACLG00000022202,ENSACLG00000013880,ENSACLG00000020738,ENSACLG00000024963,ENSACLG00000014846,ENSACLG00000012153"	"7dpf"
"GO:0007420"	"brain development"	5.75434399746994e-05	6	"ENSACLG00000020255,ENSACLG00000008961,ENSACLG00000012029,ENSACLG00000020738,ENSACLG00000014846,ENSACLG00000012153"	"7dpf"
"GO:0007423"	"sensory organ development"	1.35402516503743e-09	6	"ENSACLG00000020717,ENSACLG00000003503,ENSACLG00000005391,ENSACLG00000018100,ENSACLG00000013295,ENSACLG00000014846"	"7dpf"
"GO:0007507"	"heart development"	2.79071018542259e-07	5	"ENSACLG00000002345,ENSACLG00000022562,ENSACLG00000000385,ENSACLG00000024963,ENSACLG00000012153"	"7dpf"
"GO:0007517"	"muscle organ development"	0.00154007505727122	10	"ENSACLG00000009594,ENSACLG00000011036,ENSACLG00000017825,ENSACLG00000000589,ENSACLG00000000385,ENSACLG00000000624,ENSACLG00000026171,ENSACLG00000001872,ENSACLG00000013961,ENSACLG00000022006"	"7dpf"
"GO:0007519"	"skeletal muscle tissue development"	0.00623393623405649	9	"ENSACLG00000011036,ENSACLG00000017825,ENSACLG00000000589,ENSACLG00000000385,ENSACLG00000000624,ENSACLG00000026171,ENSACLG00000001872,ENSACLG00000013961,ENSACLG00000022006"	"7dpf"
"GO:0007610"	"behavior"	0.000499153268749822	54	"ENSACLG00000020255,ENSACLG00000020178,ENSACLG00000009594,ENSACLG00000012229,ENSACLG00000019877,ENSACLG00000008961,ENSACLG00000009697,ENSACLG00000002345,ENSACLG00000003960,ENSACLG00000020717,ENSACLG00000012029,ENSACLG00000012432,ENSACLG00000003503,ENSACLG00000020892,ENSACLG00000008238,ENSACLG00000020960,ENSACLG00000011036,ENSACLG00000017825,ENSACLG00000023399,ENSACLG00000021317,ENSACLG00000000589,ENSACLG00000022202,ENSACLG00000005391,ENSACLG00000018100,ENSACLG00000018790,ENSACLG00000022562,ENSACLG00000002267,ENSACLG00000013295,ENSACLG00000000385,ENSACLG00000013440,ENSACLG00000013880,ENSACLG00000017438,ENSACLG00000026321,ENSACLG00000020738,ENSACLG00000000624,ENSACLG00000022210,ENSACLG00000024963,ENSACLG00000015505,ENSACLG00000025753,ENSACLG00000026171,ENSACLG00000014846,ENSACLG00000015371,ENSACLG00000001872,ENSACLG00000021519,ENSACLG00000013961,ENSACLG00000016270,ENSACLG00000012153,ENSACLG00000016249,ENSACLG00000011861,ENSACLG00000027041,ENSACLG00000005750,ENSACLG00000022006,ENSACLG00000026638,ENSACLG00000008156"	"7dpf"
"GO:0009056"	"catabolic process"	0.0220319772137065	8	"ENSACLG00000019877,ENSACLG00000002345,ENSACLG00000018790,ENSACLG00000025753,ENSACLG00000014846,ENSACLG00000015371,ENSACLG00000016270,ENSACLG00000027041"	"7dpf"
"GO:0009117"	"nucleotide metabolic process"	0.00623393623405649	1	"ENSACLG00000025753"	"7dpf"
"GO:0009150"	"purine ribonucleotide metabolic process"	0.0133911411245589	1	"ENSACLG00000025753"	"7dpf"
"GO:0009166"	"nucleotide catabolic process"	0.0331950689037597	1	"ENSACLG00000025753"	"7dpf"
"GO:0009259"	"ribonucleotide metabolic process"	0.00402770277230327	1	"ENSACLG00000025753"	"7dpf"
"GO:0009628"	"response to abiotic stimulus"	0.00498176554895424	6	"ENSACLG00000023399,ENSACLG00000005391,ENSACLG00000013295,ENSACLG00000015505,ENSACLG00000016249,ENSACLG00000008156"	"7dpf"
"GO:0009653"	"anatomical structure morphogenesis"	3.43398850477986e-29	22	"ENSACLG00000020255,ENSACLG00000009594,ENSACLG00000008961,ENSACLG00000002345,ENSACLG00000020717,ENSACLG00000003503,ENSACLG00000020960,ENSACLG00000011036,ENSACLG00000017825,ENSACLG00000023399,ENSACLG00000022202,ENSACLG00000018100,ENSACLG00000018790,ENSACLG00000013295,ENSACLG00000000385,ENSACLG00000013440,ENSACLG00000024963,ENSACLG00000026171,ENSACLG00000013961,ENSACLG00000012153,ENSACLG00000011861,ENSACLG00000027041"	"7dpf"
"GO:0009719"	"response to endogenous stimulus"	0.0107725759618626	1	"ENSACLG00000011861"	"7dpf"
"GO:0009790"	"embryo development"	7.39872500935129e-20	6	"ENSACLG00000020255,ENSACLG00000002345,ENSACLG00000018100,ENSACLG00000022562,ENSACLG00000024963,ENSACLG00000022006"	"7dpf"
"GO:0009792"	"embryo development ending in birth or egg hatching"	9.89019532583818e-07	4	"ENSACLG00000020255,ENSACLG00000002345,ENSACLG00000024963,ENSACLG00000022006"	"7dpf"
"GO:0009887"	"animal organ morphogenesis"	1.04751420203088e-12	7	"ENSACLG00000020255,ENSACLG00000008961,ENSACLG00000020717,ENSACLG00000003503,ENSACLG00000018100,ENSACLG00000013295,ENSACLG00000000385"	"7dpf"
"GO:0009888"	"tissue development"	4.98226209639453e-22	18	"ENSACLG00000020255,ENSACLG00000002345,ENSACLG00000003503,ENSACLG00000011036,ENSACLG00000017825,ENSACLG00000000589,ENSACLG00000005391,ENSACLG00000018100,ENSACLG00000022562,ENSACLG00000013295,ENSACLG00000000385,ENSACLG00000000624,ENSACLG00000024963,ENSACLG00000026171,ENSACLG00000014846,ENSACLG00000001872,ENSACLG00000013961,ENSACLG00000022006"	"7dpf"
"GO:0009889"	"regulation of biosynthetic process"	4.17659662514074e-07	5	"ENSACLG00000023399,ENSACLG00000022210,ENSACLG00000024963,ENSACLG00000015371,ENSACLG00000013961"	"7dpf"
"GO:0009894"	"regulation of catabolic process"	0.0359544064118939	6	"ENSACLG00000019877,ENSACLG00000002345,ENSACLG00000018790,ENSACLG00000025753,ENSACLG00000014846,ENSACLG00000027041"	"7dpf"
"GO:0009966"	"regulation of signal transduction"	8.92036868528503e-08	2	"ENSACLG00000008961,ENSACLG00000022562"	"7dpf"
"GO:0009968"	"negative regulation of signal transduction"	0.0486962135386954	1	"ENSACLG00000008961"	"7dpf"
"GO:0009987"	"cellular process"	0.000528083974161344	45	"ENSACLG00000020255,ENSACLG00000009594,ENSACLG00000012229,ENSACLG00000019877,ENSACLG00000008961,ENSACLG00000009697,ENSACLG00000002345,ENSACLG00000003960,ENSACLG00000020717,ENSACLG00000012029,ENSACLG00000003503,ENSACLG00000008238,ENSACLG00000020960,ENSACLG00000011036,ENSACLG00000017825,ENSACLG00000023399,ENSACLG00000021317,ENSACLG00000000589,ENSACLG00000022202,ENSACLG00000005391,ENSACLG00000018100,ENSACLG00000018790,ENSACLG00000022562,ENSACLG00000002267,ENSACLG00000013295,ENSACLG00000000385,ENSACLG00000013440,ENSACLG00000013880,ENSACLG00000020738,ENSACLG00000000624,ENSACLG00000022210,ENSACLG00000024963,ENSACLG00000025753,ENSACLG00000026171,ENSACLG00000014846,ENSACLG00000015371,ENSACLG00000001872,ENSACLG00000013961,ENSACLG00000016270,ENSACLG00000012153,ENSACLG00000011861,ENSACLG00000027041,ENSACLG00000022006,ENSACLG00000026638,ENSACLG00000008156"	"7dpf"
"GO:0010468"	"regulation of gene expression"	1.09218816881854e-06	5	"ENSACLG00000023399,ENSACLG00000022210,ENSACLG00000024963,ENSACLG00000015371,ENSACLG00000013961"	"7dpf"
"GO:0010556"	"regulation of macromolecule biosynthetic process"	9.35676546999526e-07	5	"ENSACLG00000023399,ENSACLG00000022210,ENSACLG00000024963,ENSACLG00000015371,ENSACLG00000013961"	"7dpf"
"GO:0010646"	"regulation of cell communication"	2.37132209918022e-08	3	"ENSACLG00000008961,ENSACLG00000021317,ENSACLG00000022562"	"7dpf"
"GO:0010648"	"negative regulation of cell communication"	0.0445917797288196	1	"ENSACLG00000008961"	"7dpf"
"GO:0014706"	"striated muscle tissue development"	0.00368246987581373	10	"ENSACLG00000002345,ENSACLG00000011036,ENSACLG00000017825,ENSACLG00000000589,ENSACLG00000000385,ENSACLG00000000624,ENSACLG00000026171,ENSACLG00000001872,ENSACLG00000013961,ENSACLG00000022006"	"7dpf"
"GO:0015698"	"inorganic anion transport"	0.00136404798954042	1	"ENSACLG00000018100"	"7dpf"
"GO:0016043"	"cellular component organization"	0.00300663814822708	15	"ENSACLG00000020255,ENSACLG00000012229,ENSACLG00000002345,ENSACLG00000011036,ENSACLG00000017825,ENSACLG00000022202,ENSACLG00000005391,ENSACLG00000018790,ENSACLG00000013295,ENSACLG00000000624,ENSACLG00000026171,ENSACLG00000001872,ENSACLG00000013961,ENSACLG00000012153,ENSACLG00000027041"	"7dpf"
"GO:0016192"	"vesicle-mediated transport"	1.19270744435986e-06	1	"ENSACLG00000005391"	"7dpf"
"GO:0019219"	"regulation of nucleobase-containing compound metabolic process"	1.6212052342783e-13	4	"ENSACLG00000022210,ENSACLG00000024963,ENSACLG00000025753,ENSACLG00000015371"	"7dpf"
"GO:0019222"	"regulation of metabolic process"	2.00952384326386e-08	14	"ENSACLG00000019877,ENSACLG00000002345,ENSACLG00000023399,ENSACLG00000018790,ENSACLG00000013440,ENSACLG00000022210,ENSACLG00000024963,ENSACLG00000025753,ENSACLG00000014846,ENSACLG00000015371,ENSACLG00000001872,ENSACLG00000013961,ENSACLG00000027041,ENSACLG00000026638"	"7dpf"
"GO:0019637"	"organophosphate metabolic process"	0.000166224556058498	1	"ENSACLG00000025753"	"7dpf"
"GO:0019693"	"ribose phosphate metabolic process"	0.00363318275902585	1	"ENSACLG00000025753"	"7dpf"
"GO:0022008"	"neurogenesis"	1.79389970735998e-15	14	"ENSACLG00000020255,ENSACLG00000003960,ENSACLG00000020717,ENSACLG00000022202,ENSACLG00000005391,ENSACLG00000018100,ENSACLG00000018790,ENSACLG00000002267,ENSACLG00000013295,ENSACLG00000013880,ENSACLG00000013961,ENSACLG00000016270,ENSACLG00000012153,ENSACLG00000027041"	"7dpf"
"GO:0022603"	"regulation of anatomical structure morphogenesis"	0.0133911411245589	1	"ENSACLG00000023399"	"7dpf"
"GO:0023051"	"regulation of signaling"	5.08918738134032e-08	3	"ENSACLG00000008961,ENSACLG00000021317,ENSACLG00000022562"	"7dpf"
"GO:0023057"	"negative regulation of signaling"	0.0445917797288196	1	"ENSACLG00000008961"	"7dpf"
"GO:0030001"	"metal ion transport"	5.24040830837867e-05	4	"ENSACLG00000008238,ENSACLG00000017825,ENSACLG00000020738,ENSACLG00000025753"	"7dpf"
"GO:0030030"	"cell projection organization"	5.45466987069349e-12	7	"ENSACLG00000020255,ENSACLG00000022202,ENSACLG00000018790,ENSACLG00000013295,ENSACLG00000013961,ENSACLG00000012153,ENSACLG00000027041"	"7dpf"
"GO:0030036"	"actin cytoskeleton organization"	0.0480748551768409	4	"ENSACLG00000002345,ENSACLG00000011036,ENSACLG00000017825,ENSACLG00000026171"	"7dpf"
"GO:0030097"	"hemopoiesis"	3.8120338959979e-07	1	"ENSACLG00000013440"	"7dpf"
"GO:0030154"	"cell differentiation"	8.7873661948094e-30	23	"ENSACLG00000020255,ENSACLG00000002345,ENSACLG00000003960,ENSACLG00000020717,ENSACLG00000011036,ENSACLG00000017825,ENSACLG00000022202,ENSACLG00000005391,ENSACLG00000018100,ENSACLG00000018790,ENSACLG00000002267,ENSACLG00000013295,ENSACLG00000000385,ENSACLG00000013440,ENSACLG00000013880,ENSACLG00000026171,ENSACLG00000015371,ENSACLG00000001872,ENSACLG00000013961,ENSACLG00000016270,ENSACLG00000012153,ENSACLG00000027041,ENSACLG00000022006"	"7dpf"
"GO:0030182"	"neuron differentiation"	4.11825427855043e-14	12	"ENSACLG00000020255,ENSACLG00000003960,ENSACLG00000022202,ENSACLG00000005391,ENSACLG00000018100,ENSACLG00000018790,ENSACLG00000002267,ENSACLG00000013295,ENSACLG00000013961,ENSACLG00000016270,ENSACLG00000012153,ENSACLG00000027041"	"7dpf"
"GO:0030855"	"epithelial cell differentiation"	0.00182657127065102	3	"ENSACLG00000005391,ENSACLG00000018100,ENSACLG00000013295"	"7dpf"
"GO:0030902"	"hindbrain development"	0.00955381246962393	1	"ENSACLG00000012153"	"7dpf"
"GO:0031016"	"pancreas development"	0.00416676138387579	2	"ENSACLG00000009594,ENSACLG00000013295"	"7dpf"
"GO:0031099"	"regeneration"	0.017486082820243	2	"ENSACLG00000009594,ENSACLG00000013295"	"7dpf"
"GO:0031175"	"neuron projection development"	6.63060288768624e-08	7	"ENSACLG00000020255,ENSACLG00000022202,ENSACLG00000018790,ENSACLG00000013295,ENSACLG00000013961,ENSACLG00000012153,ENSACLG00000027041"	"7dpf"
"GO:0032501"	"multicellular organismal process"	1.77536806835116e-29	54	"ENSACLG00000020255,ENSACLG00000020178,ENSACLG00000009594,ENSACLG00000012229,ENSACLG00000019877,ENSACLG00000008961,ENSACLG00000009697,ENSACLG00000002345,ENSACLG00000003960,ENSACLG00000020717,ENSACLG00000012029,ENSACLG00000012432,ENSACLG00000003503,ENSACLG00000020892,ENSACLG00000008238,ENSACLG00000020960,ENSACLG00000011036,ENSACLG00000017825,ENSACLG00000023399,ENSACLG00000021317,ENSACLG00000000589,ENSACLG00000022202,ENSACLG00000005391,ENSACLG00000018100,ENSACLG00000018790,ENSACLG00000022562,ENSACLG00000002267,ENSACLG00000013295,ENSACLG00000000385,ENSACLG00000013440,ENSACLG00000013880,ENSACLG00000017438,ENSACLG00000026321,ENSACLG00000020738,ENSACLG00000000624,ENSACLG00000022210,ENSACLG00000024963,ENSACLG00000015505,ENSACLG00000025753,ENSACLG00000026171,ENSACLG00000014846,ENSACLG00000015371,ENSACLG00000001872,ENSACLG00000021519,ENSACLG00000013961,ENSACLG00000016270,ENSACLG00000012153,ENSACLG00000016249,ENSACLG00000011861,ENSACLG00000027041,ENSACLG00000005750,ENSACLG00000022006,ENSACLG00000026638,ENSACLG00000008156"	"7dpf"
"GO:0032502"	"developmental process"	3.79361959908252e-59	37	"ENSACLG00000020255,ENSACLG00000009594,ENSACLG00000008961,ENSACLG00000002345,ENSACLG00000003960,ENSACLG00000020717,ENSACLG00000012029,ENSACLG00000003503,ENSACLG00000020960,ENSACLG00000011036,ENSACLG00000017825,ENSACLG00000023399,ENSACLG00000000589,ENSACLG00000022202,ENSACLG00000005391,ENSACLG00000018100,ENSACLG00000018790,ENSACLG00000022562,ENSACLG00000002267,ENSACLG00000013295,ENSACLG00000000385,ENSACLG00000013440,ENSACLG00000013880,ENSACLG00000020738,ENSACLG00000000624,ENSACLG00000022210,ENSACLG00000024963,ENSACLG00000026171,ENSACLG00000014846,ENSACLG00000015371,ENSACLG00000001872,ENSACLG00000013961,ENSACLG00000016270,ENSACLG00000012153,ENSACLG00000011861,ENSACLG00000027041,ENSACLG00000022006"	"7dpf"
"GO:0032879"	"regulation of localization"	0.02857622890698	2	"ENSACLG00000017825,ENSACLG00000005391"	"7dpf"
"GO:0033036"	"macromolecule localization"	7.70059787151973e-05	2	"ENSACLG00000020960,ENSACLG00000013880"	"7dpf"
"GO:0034220"	"monoatomic ion transmembrane transport"	3.07771909426939e-10	5	"ENSACLG00000008238,ENSACLG00000017825,ENSACLG00000018100,ENSACLG00000020738,ENSACLG00000025753"	"7dpf"
"GO:0034330"	"cell junction organization"	0.0255560750643444	2	"ENSACLG00000013961,ENSACLG00000012153"	"7dpf"
"GO:0035239"	"tube morphogenesis"	3.67854204835882e-08	4	"ENSACLG00000020960,ENSACLG00000023399,ENSACLG00000013440,ENSACLG00000013961"	"7dpf"
"GO:0035295"	"tube development"	2.16820274164798e-10	6	"ENSACLG00000020960,ENSACLG00000023399,ENSACLG00000013440,ENSACLG00000024963,ENSACLG00000014846,ENSACLG00000013961"	"7dpf"
"GO:0035556"	"intracellular signal transduction"	2.35666134885866e-07	4	"ENSACLG00000008961,ENSACLG00000017825,ENSACLG00000022562,ENSACLG00000013295"	"7dpf"
"GO:0040007"	"growth"	0.000159255209818682	2	"ENSACLG00000013961,ENSACLG00000027041"	"7dpf"
"GO:0042592"	"homeostatic process"	3.13496545352917e-07	5	"ENSACLG00000009594,ENSACLG00000019877,ENSACLG00000013295,ENSACLG00000016270,ENSACLG00000027041"	"7dpf"
"GO:0042692"	"muscle cell differentiation"	0.00467072513666259	6	"ENSACLG00000002345,ENSACLG00000011036,ENSACLG00000017825,ENSACLG00000026171,ENSACLG00000001872,ENSACLG00000022006"	"7dpf"
"GO:0043009"	"chordate embryonic development"	1.09218816881854e-06	4	"ENSACLG00000020255,ENSACLG00000002345,ENSACLG00000024963,ENSACLG00000022006"	"7dpf"
"GO:0043010"	"camera-type eye development"	2.9139728762321e-06	3	"ENSACLG00000020717,ENSACLG00000003503,ENSACLG00000013295"	"7dpf"
"GO:0043583"	"ear development"	0.0383086537996043	2	"ENSACLG00000018100,ENSACLG00000014846"	"7dpf"
"GO:0045595"	"regulation of cell differentiation"	0.000201317314202842	1	"ENSACLG00000020717"	"7dpf"
"GO:0046034"	"ATP metabolic process"	0.0432610983397182	1	"ENSACLG00000025753"	"7dpf"
"GO:0046907"	"intracellular transport"	0.000102199826304419	1	"ENSACLG00000020960"	"7dpf"
"GO:0048468"	"cell development"	1.59627340165169e-24	19	"ENSACLG00000020255,ENSACLG00000002345,ENSACLG00000003960,ENSACLG00000020717,ENSACLG00000011036,ENSACLG00000017825,ENSACLG00000022202,ENSACLG00000005391,ENSACLG00000018100,ENSACLG00000018790,ENSACLG00000013295,ENSACLG00000013440,ENSACLG00000013880,ENSACLG00000026171,ENSACLG00000001872,ENSACLG00000013961,ENSACLG00000012153,ENSACLG00000027041,ENSACLG00000022006"	"7dpf"
"GO:0048513"	"animal organ development"	3.38795043992266e-33	26	"ENSACLG00000020255,ENSACLG00000009594,ENSACLG00000008961,ENSACLG00000002345,ENSACLG00000020717,ENSACLG00000012029,ENSACLG00000003503,ENSACLG00000011036,ENSACLG00000017825,ENSACLG00000000589,ENSACLG00000005391,ENSACLG00000018100,ENSACLG00000022562,ENSACLG00000013295,ENSACLG00000000385,ENSACLG00000013880,ENSACLG00000020738,ENSACLG00000000624,ENSACLG00000022210,ENSACLG00000024963,ENSACLG00000026171,ENSACLG00000014846,ENSACLG00000001872,ENSACLG00000013961,ENSACLG00000012153,ENSACLG00000022006"	"7dpf"
"GO:0048514"	"blood vessel morphogenesis"	7.70059787151973e-05	4	"ENSACLG00000020960,ENSACLG00000023399,ENSACLG00000013440,ENSACLG00000013961"	"7dpf"
"GO:0048519"	"negative regulation of biological process"	0.0302091078457124	4	"ENSACLG00000008961,ENSACLG00000023399,ENSACLG00000022210,ENSACLG00000015371"	"7dpf"
"GO:0048522"	"positive regulation of cellular process"	1.65855809671717e-07	2	"ENSACLG00000020717,ENSACLG00000013880"	"7dpf"
"GO:0048562"	"embryonic organ morphogenesis"	1.05039878164246e-06	2	"ENSACLG00000020255,ENSACLG00000018100"	"7dpf"
"GO:0048568"	"embryonic organ development"	1.1556794278264e-09	2	"ENSACLG00000020255,ENSACLG00000018100"	"7dpf"
"GO:0048583"	"regulation of response to stimulus"	0.0145140822550389	3	"ENSACLG00000008961,ENSACLG00000022562,ENSACLG00000012153"	"7dpf"
"GO:0048589"	"developmental growth"	0.000289074620257084	2	"ENSACLG00000013961,ENSACLG00000027041"	"7dpf"
"GO:0048592"	"eye morphogenesis"	0.000446458213794504	3	"ENSACLG00000020717,ENSACLG00000003503,ENSACLG00000013295"	"7dpf"
"GO:0048593"	"camera-type eye morphogenesis"	0.000578639675435158	3	"ENSACLG00000020717,ENSACLG00000003503,ENSACLG00000013295"	"7dpf"
"GO:0048598"	"embryonic morphogenesis"	1.0157933967982e-12	3	"ENSACLG00000020255,ENSACLG00000018100,ENSACLG00000024963"	"7dpf"
"GO:0048646"	"anatomical structure formation involved in morphogenesis"	2.39121512189978e-11	12	"ENSACLG00000002345,ENSACLG00000020717,ENSACLG00000003503,ENSACLG00000020960,ENSACLG00000011036,ENSACLG00000017825,ENSACLG00000023399,ENSACLG00000013295,ENSACLG00000013440,ENSACLG00000024963,ENSACLG00000026171,ENSACLG00000012153"	"7dpf"
"GO:0048666"	"neuron development"	2.49645300258021e-12	10	"ENSACLG00000020255,ENSACLG00000003960,ENSACLG00000022202,ENSACLG00000005391,ENSACLG00000018100,ENSACLG00000018790,ENSACLG00000013295,ENSACLG00000013961,ENSACLG00000012153,ENSACLG00000027041"	"7dpf"
"GO:0048667"	"cell morphogenesis involved in neuron differentiation"	9.67672158368431e-07	5	"ENSACLG00000022202,ENSACLG00000018790,ENSACLG00000013961,ENSACLG00000012153,ENSACLG00000027041"	"7dpf"
"GO:0048699"	"generation of neurons"	1.22641510321916e-14	12	"ENSACLG00000020255,ENSACLG00000003960,ENSACLG00000022202,ENSACLG00000005391,ENSACLG00000018100,ENSACLG00000018790,ENSACLG00000002267,ENSACLG00000013295,ENSACLG00000013961,ENSACLG00000016270,ENSACLG00000012153,ENSACLG00000027041"	"7dpf"
"GO:0048701"	"embryonic cranial skeleton morphogenesis"	0.0253857750715968	1	"ENSACLG00000020255"	"7dpf"
"GO:0048704"	"embryonic skeletal system morphogenesis"	0.0253857750715968	1	"ENSACLG00000020255"	"7dpf"
"GO:0048705"	"skeletal system morphogenesis"	0.00617821215024379	1	"ENSACLG00000020255"	"7dpf"
"GO:0048706"	"embryonic skeletal system development"	0.0133911411245589	1	"ENSACLG00000020255"	"7dpf"
"GO:0048729"	"tissue morphogenesis"	5.07751112576446e-10	1	"ENSACLG00000024963"	"7dpf"
"GO:0048731"	"system development"	7.91026577568995e-40	29	"ENSACLG00000020255,ENSACLG00000009594,ENSACLG00000008961,ENSACLG00000002345,ENSACLG00000003960,ENSACLG00000020717,ENSACLG00000012029,ENSACLG00000003503,ENSACLG00000020960,ENSACLG00000023399,ENSACLG00000022202,ENSACLG00000005391,ENSACLG00000018100,ENSACLG00000018790,ENSACLG00000022562,ENSACLG00000002267,ENSACLG00000013295,ENSACLG00000000385,ENSACLG00000013440,ENSACLG00000013880,ENSACLG00000020738,ENSACLG00000022210,ENSACLG00000024963,ENSACLG00000014846,ENSACLG00000013961,ENSACLG00000016270,ENSACLG00000012153,ENSACLG00000011861,ENSACLG00000027041"	"7dpf"
"GO:0048732"	"gland development"	0.000158302636344247	2	"ENSACLG00000009594,ENSACLG00000013880"	"7dpf"
"GO:0048812"	"neuron projection morphogenesis"	1.59231626486867e-06	6	"ENSACLG00000022202,ENSACLG00000018790,ENSACLG00000013295,ENSACLG00000013961,ENSACLG00000012153,ENSACLG00000027041"	"7dpf"
"GO:0048839"	"inner ear development"	0.0383086537996043	2	"ENSACLG00000018100,ENSACLG00000014846"	"7dpf"
"GO:0048856"	"anatomical structure development"	2.89806446584277e-57	36	"ENSACLG00000020255,ENSACLG00000009594,ENSACLG00000008961,ENSACLG00000002345,ENSACLG00000003960,ENSACLG00000020717,ENSACLG00000012029,ENSACLG00000003503,ENSACLG00000020960,ENSACLG00000011036,ENSACLG00000017825,ENSACLG00000023399,ENSACLG00000000589,ENSACLG00000022202,ENSACLG00000005391,ENSACLG00000018100,ENSACLG00000018790,ENSACLG00000022562,ENSACLG00000002267,ENSACLG00000013295,ENSACLG00000000385,ENSACLG00000013440,ENSACLG00000013880,ENSACLG00000020738,ENSACLG00000000624,ENSACLG00000022210,ENSACLG00000024963,ENSACLG00000026171,ENSACLG00000014846,ENSACLG00000001872,ENSACLG00000013961,ENSACLG00000016270,ENSACLG00000012153,ENSACLG00000011861,ENSACLG00000027041,ENSACLG00000022006"	"7dpf"
"GO:0048858"	"cell projection morphogenesis"	1.41816008936867e-06	6	"ENSACLG00000022202,ENSACLG00000018790,ENSACLG00000013295,ENSACLG00000013961,ENSACLG00000012153,ENSACLG00000027041"	"7dpf"
"GO:0048869"	"cellular developmental process"	8.7873661948094e-30	23	"ENSACLG00000020255,ENSACLG00000002345,ENSACLG00000003960,ENSACLG00000020717,ENSACLG00000011036,ENSACLG00000017825,ENSACLG00000022202,ENSACLG00000005391,ENSACLG00000018100,ENSACLG00000018790,ENSACLG00000002267,ENSACLG00000013295,ENSACLG00000000385,ENSACLG00000013440,ENSACLG00000013880,ENSACLG00000026171,ENSACLG00000015371,ENSACLG00000001872,ENSACLG00000013961,ENSACLG00000016270,ENSACLG00000012153,ENSACLG00000027041,ENSACLG00000022006"	"7dpf"
"GO:0048871"	"multicellular organismal-level homeostasis"	6.77705153624709e-06	1	"ENSACLG00000016270"	"7dpf"
"GO:0048880"	"sensory system development"	4.4130693363346e-08	5	"ENSACLG00000020717,ENSACLG00000003503,ENSACLG00000005391,ENSACLG00000018100,ENSACLG00000013295"	"7dpf"
"GO:0048882"	"lateral line development"	0.0453336661402761	3	"ENSACLG00000003503,ENSACLG00000005391,ENSACLG00000018100"	"7dpf"
"GO:0048884"	"neuromast development"	0.0331950689037597	3	"ENSACLG00000003503,ENSACLG00000005391,ENSACLG00000018100"	"7dpf"
"GO:0048925"	"lateral line system development"	0.0224581755455094	3	"ENSACLG00000003503,ENSACLG00000005391,ENSACLG00000018100"	"7dpf"
"GO:0050793"	"regulation of developmental process"	2.00704813376344e-10	3	"ENSACLG00000020717,ENSACLG00000023399,ENSACLG00000013880"	"7dpf"
"GO:0051049"	"regulation of transport"	0.012983366131671	2	"ENSACLG00000017825,ENSACLG00000005391"	"7dpf"
"GO:0051093"	"negative regulation of developmental process"	0.0486962135386954	1	"ENSACLG00000023399"	"7dpf"
"GO:0051128"	"regulation of cellular component organization"	0.00154007505727122	5	"ENSACLG00000020255,ENSACLG00000011036,ENSACLG00000005391,ENSACLG00000026171,ENSACLG00000012153"	"7dpf"
"GO:0051146"	"striated muscle cell differentiation"	0.0277803134223884	6	"ENSACLG00000002345,ENSACLG00000011036,ENSACLG00000017825,ENSACLG00000026171,ENSACLG00000001872,ENSACLG00000022006"	"7dpf"
"GO:0051179"	"localization"	9.86364976393739e-19	10	"ENSACLG00000009697,ENSACLG00000008238,ENSACLG00000020960,ENSACLG00000017825,ENSACLG00000021317,ENSACLG00000005391,ENSACLG00000018100,ENSACLG00000013880,ENSACLG00000020738,ENSACLG00000025753"	"7dpf"
"GO:0051216"	"cartilage development"	0.00551011568433416	1	"ENSACLG00000020255"	"7dpf"
"GO:0051234"	"establishment of localization"	1.09877648969256e-18	10	"ENSACLG00000009697,ENSACLG00000008238,ENSACLG00000020960,ENSACLG00000017825,ENSACLG00000021317,ENSACLG00000005391,ENSACLG00000018100,ENSACLG00000013880,ENSACLG00000020738,ENSACLG00000025753"	"7dpf"
"GO:0051239"	"regulation of multicellular organismal process"	1.86324926509749e-06	8	"ENSACLG00000019877,ENSACLG00000020717,ENSACLG00000017825,ENSACLG00000023399,ENSACLG00000013880,ENSACLG00000025753,ENSACLG00000015371,ENSACLG00000021519"	"7dpf"
"GO:0051252"	"regulation of RNA metabolic process"	4.24734524192018e-13	3	"ENSACLG00000022210,ENSACLG00000024963,ENSACLG00000015371"	"7dpf"
"GO:0051259"	"protein complex oligomerization"	0.00955381246962393	1	"ENSACLG00000012229"	"7dpf"
"GO:0051301"	"cell division"	0.0467910086939267	2	"ENSACLG00000003960,ENSACLG00000008238"	"7dpf"
"GO:0051641"	"cellular localization"	2.58384842695929e-07	3	"ENSACLG00000020960,ENSACLG00000017825,ENSACLG00000005391"	"7dpf"
"GO:0051649"	"establishment of localization in cell"	7.53733886428077e-06	2	"ENSACLG00000020960,ENSACLG00000005391"	"7dpf"
"GO:0055001"	"muscle cell development"	0.0197454352441839	6	"ENSACLG00000002345,ENSACLG00000011036,ENSACLG00000017825,ENSACLG00000026171,ENSACLG00000001872,ENSACLG00000022006"	"7dpf"
"GO:0055085"	"transmembrane transport"	9.27444967552631e-09	8	"ENSACLG00000009697,ENSACLG00000008238,ENSACLG00000017825,ENSACLG00000021317,ENSACLG00000018100,ENSACLG00000013880,ENSACLG00000020738,ENSACLG00000025753"	"7dpf"
"GO:0060041"	"retina development in camera-type eye"	2.73632709997815e-06	3	"ENSACLG00000020717,ENSACLG00000003503,ENSACLG00000013295"	"7dpf"
"GO:0060042"	"retina morphogenesis in camera-type eye"	0.00239735244840927	3	"ENSACLG00000020717,ENSACLG00000003503,ENSACLG00000013295"	"7dpf"
"GO:0060047"	"heart contraction"	0.0169743377234831	5	"ENSACLG00000002345,ENSACLG00000017825,ENSACLG00000001872,ENSACLG00000021519,ENSACLG00000008156"	"7dpf"
"GO:0060249"	"anatomical structure homeostasis"	0.0331950689037597	1	"ENSACLG00000016270"	"7dpf"
"GO:0060255"	"regulation of macromolecule metabolic process"	1.94587372740555e-07	9	"ENSACLG00000002345,ENSACLG00000023399,ENSACLG00000013440,ENSACLG00000022210,ENSACLG00000024963,ENSACLG00000014846,ENSACLG00000015371,ENSACLG00000013961,ENSACLG00000026638"	"7dpf"
"GO:0060284"	"regulation of cell development"	0.0320442926507458	1	"ENSACLG00000020717"	"7dpf"
"GO:0060322"	"head development"	0.000119132883061707	6	"ENSACLG00000020255,ENSACLG00000008961,ENSACLG00000012029,ENSACLG00000020738,ENSACLG00000014846,ENSACLG00000012153"	"7dpf"
"GO:0060429"	"epithelium development"	1.69049209535451e-13	6	"ENSACLG00000005391,ENSACLG00000018100,ENSACLG00000022562,ENSACLG00000013295,ENSACLG00000024963,ENSACLG00000014846"	"7dpf"
"GO:0060537"	"muscle tissue development"	0.00330090323503906	10	"ENSACLG00000002345,ENSACLG00000011036,ENSACLG00000017825,ENSACLG00000000589,ENSACLG00000000385,ENSACLG00000000624,ENSACLG00000026171,ENSACLG00000001872,ENSACLG00000013961,ENSACLG00000022006"	"7dpf"
"GO:0060538"	"skeletal muscle organ development"	0.00367569703496376	9	"ENSACLG00000011036,ENSACLG00000017825,ENSACLG00000000589,ENSACLG00000000385,ENSACLG00000000624,ENSACLG00000026171,ENSACLG00000001872,ENSACLG00000013961,ENSACLG00000022006"	"7dpf"
"GO:0060560"	"developmental growth involved in morphogenesis"	0.00725684282916942	2	"ENSACLG00000013961,ENSACLG00000027041"	"7dpf"
"GO:0061008"	"hepaticobiliary system development"	0.00185558382357959	1	"ENSACLG00000009594"	"7dpf"
"GO:0061053"	"somite development"	0.0169743377234831	1	"ENSACLG00000022562"	"7dpf"
"GO:0061061"	"muscle structure development"	0.000108849459375138	11	"ENSACLG00000009594,ENSACLG00000002345,ENSACLG00000011036,ENSACLG00000017825,ENSACLG00000000589,ENSACLG00000000385,ENSACLG00000000624,ENSACLG00000026171,ENSACLG00000001872,ENSACLG00000013961,ENSACLG00000022006"	"7dpf"
"GO:0061448"	"connective tissue development"	0.0033065849679343	1	"ENSACLG00000020255"	"7dpf"
"GO:0061564"	"axon development"	9.67672158368431e-07	5	"ENSACLG00000022202,ENSACLG00000018790,ENSACLG00000013961,ENSACLG00000012153,ENSACLG00000027041"	"7dpf"
"GO:0061919"	"process utilizing autophagic mechanism"	0.0403630091324983	6	"ENSACLG00000019877,ENSACLG00000002345,ENSACLG00000018790,ENSACLG00000015371,ENSACLG00000016270,ENSACLG00000027041"	"7dpf"
"GO:0065007"	"biological regulation"	0.0475858752590402	32	"ENSACLG00000020255,ENSACLG00000009594,ENSACLG00000019877,ENSACLG00000008961,ENSACLG00000009697,ENSACLG00000002345,ENSACLG00000020717,ENSACLG00000020892,ENSACLG00000011036,ENSACLG00000017825,ENSACLG00000023399,ENSACLG00000021317,ENSACLG00000005391,ENSACLG00000018790,ENSACLG00000022562,ENSACLG00000013295,ENSACLG00000013440,ENSACLG00000013880,ENSACLG00000022210,ENSACLG00000024963,ENSACLG00000025753,ENSACLG00000026171,ENSACLG00000014846,ENSACLG00000015371,ENSACLG00000001872,ENSACLG00000021519,ENSACLG00000013961,ENSACLG00000012153,ENSACLG00000011861,ENSACLG00000027041,ENSACLG00000026638,ENSACLG00000008156"	"7dpf"
"GO:0065008"	"regulation of biological quality"	0.0231775432843159	6	"ENSACLG00000020255,ENSACLG00000009697,ENSACLG00000017825,ENSACLG00000021317,ENSACLG00000025753,ENSACLG00000012153"	"7dpf"
"GO:0070588"	"calcium ion transmembrane transport"	0.0092588761098916	1	"ENSACLG00000017825"	"7dpf"
"GO:0070925"	"organelle assembly"	9.44210672652473e-06	4	"ENSACLG00000002345,ENSACLG00000011036,ENSACLG00000017825,ENSACLG00000026171"	"7dpf"
"GO:0071495"	"cellular response to endogenous stimulus"	0.0246742512401549	1	"ENSACLG00000011861"	"7dpf"
"GO:0071705"	"nitrogen compound transport"	8.59930774654457e-06	1	"ENSACLG00000021317"	"7dpf"
"GO:0071805"	"potassium ion transmembrane transport"	0.00563328736567823	2	"ENSACLG00000008238,ENSACLG00000020738"	"7dpf"
"GO:0071840"	"cellular component organization or biogenesis"	0.0012991455197758	15	"ENSACLG00000020255,ENSACLG00000012229,ENSACLG00000002345,ENSACLG00000011036,ENSACLG00000017825,ENSACLG00000022202,ENSACLG00000005391,ENSACLG00000018790,ENSACLG00000013295,ENSACLG00000000624,ENSACLG00000026171,ENSACLG00000001872,ENSACLG00000013961,ENSACLG00000012153,ENSACLG00000027041"	"7dpf"
"GO:0072359"	"circulatory system development"	1.54684410742823e-13	9	"ENSACLG00000002345,ENSACLG00000020960,ENSACLG00000023399,ENSACLG00000022562,ENSACLG00000000385,ENSACLG00000013440,ENSACLG00000024963,ENSACLG00000013961,ENSACLG00000012153"	"7dpf"
"GO:0072521"	"purine-containing compound metabolic process"	0.0264240224481055	1	"ENSACLG00000025753"	"7dpf"
"GO:0072523"	"purine-containing compound catabolic process"	0.0331950689037597	1	"ENSACLG00000025753"	"7dpf"
"GO:0080090"	"regulation of primary metabolic process"	9.55861543509893e-14	9	"ENSACLG00000002345,ENSACLG00000013440,ENSACLG00000022210,ENSACLG00000024963,ENSACLG00000025753,ENSACLG00000014846,ENSACLG00000015371,ENSACLG00000013961,ENSACLG00000026638"	"7dpf"
"GO:0090596"	"sensory organ morphogenesis"	8.96690813449528e-06	4	"ENSACLG00000020717,ENSACLG00000003503,ENSACLG00000018100,ENSACLG00000013295"	"7dpf"
"GO:0097485"	"neuron projection guidance"	0.00225353472755732	1	"ENSACLG00000012153"	"7dpf"
"GO:0098655"	"monoatomic cation transmembrane transport"	5.66491199736028e-05	4	"ENSACLG00000008238,ENSACLG00000017825,ENSACLG00000020738,ENSACLG00000025753"	"7dpf"
"GO:0098656"	"monoatomic anion transmembrane transport"	0.00202030846589503	1	"ENSACLG00000018100"	"7dpf"
"GO:0098660"	"inorganic ion transmembrane transport"	1.59231626486867e-06	5	"ENSACLG00000008238,ENSACLG00000017825,ENSACLG00000018100,ENSACLG00000020738,ENSACLG00000025753"	"7dpf"
"GO:0098661"	"inorganic anion transmembrane transport"	0.0133911411245589	1	"ENSACLG00000018100"	"7dpf"
"GO:0098662"	"inorganic cation transmembrane transport"	0.000176640759712127	4	"ENSACLG00000008238,ENSACLG00000017825,ENSACLG00000020738,ENSACLG00000025753"	"7dpf"
"GO:0120036"	"plasma membrane bounded cell projection organization"	6.64718388256975e-13	7	"ENSACLG00000020255,ENSACLG00000022202,ENSACLG00000018790,ENSACLG00000013295,ENSACLG00000013961,ENSACLG00000012153,ENSACLG00000027041"	"7dpf"
"GO:0120039"	"plasma membrane bounded cell projection morphogenesis"	1.59231626486867e-06	6	"ENSACLG00000022202,ENSACLG00000018790,ENSACLG00000013295,ENSACLG00000013961,ENSACLG00000012153,ENSACLG00000027041"	"7dpf"
"GO:0141124"	"intracellular signaling cassette"	0.000785575067546689	3	"ENSACLG00000008961,ENSACLG00000017825,ENSACLG00000022562"	"7dpf"
"GO:0150063"	"visual system development"	2.73632709997815e-06	3	"ENSACLG00000020717,ENSACLG00000003503,ENSACLG00000013295"	"7dpf"
"GO:1902531"	"regulation of intracellular signal transduction"	0.00444035892393041	2	"ENSACLG00000008961,ENSACLG00000022562"	"7dpf"
"GO:1904888"	"cranial skeletal system development"	0.00119130328310548	1	"ENSACLG00000020255"	"7dpf"
"GO:2000026"	"regulation of multicellular organismal development"	1.86051995972901e-05	3	"ENSACLG00000020717,ENSACLG00000023399,ENSACLG00000013880"	"7dpf"
"GO:2001141"	"regulation of RNA biosynthetic process"	1.78624750748561e-11	3	"ENSACLG00000022210,ENSACLG00000024963,ENSACLG00000015371"	"7dpf"
